Input,Output,text
"{""API_Endpoint"": ""https://api.twitter.com/v2/comment/reply"", ""API_Key"": ""key_5299"", ""Method"": ""POST""}","{""Endpoint"": ""https://api.twitter.com/v2/comment/reply/response"", ""Response_Code"": 404, ""Response_Time"": 0.24284223311767636}",You have to generate api developer documentation.
"{""API_Endpoint"": ""https://api.snapchat.com/v1/media/upload"", ""API_Key"": ""key_3953"", ""Method"": ""PUT""}","{""Endpoint"": ""https://api.snapchat.com/v1/media/upload/response"", ""Response_Code"": 404, ""Response_Time"": 0.3653431550305304}",You have to generate api developer documentation.
"{""API_Endpoint"": ""https://graph.instagram.com/v12/user/details"", ""API_Key"": ""key_2413"", ""Method"": ""GET""}","{""Endpoint"": ""https://graph.instagram.com/v12/user/details/response"", ""Response_Code"": 500, ""Response_Time"": 2.460799791815402}",You have to generate api developer documentation.
"{""API_Endpoint"": ""https://api.twitter.com/v2/analytics/summary"", ""API_Key"": ""key_6150"", ""Method"": ""GET""}","{""Endpoint"": ""https://api.twitter.com/v2/analytics/summary/response"", ""Response_Code"": 201, ""Response_Time"": 1.3600768100562328}",You have to generate api developer documentation.
"{""API_Endpoint"": ""https://api.reddit.com/v3/user/details"", ""API_Key"": ""key_1307"", ""Method"": ""PUT""}","{""Endpoint"": ""https://api.reddit.com/v3/user/details/response"", ""Response_Code"": 201, ""Response_Time"": 0.569546298407368}",You have to generate api developer documentation.
"{""API_Endpoint"": ""https://api.youtube.com/v4/post/create"", ""API_Key"": ""key_5581"", ""Method"": ""DELETE""}","{""Endpoint"": ""https://api.youtube.com/v4/post/create/response"", ""Response_Code"": 404, ""Response_Time"": 0.5004852850890386}",You have to generate api developer documentation.
"{""API_Endpoint"": ""https://api.linkedin.com/v2/snap/send"", ""API_Key"": ""key_2408"", ""Method"": ""GET""}","{""Endpoint"": ""https://api.linkedin.com/v2/snap/send/response"", ""Response_Code"": 201, ""Response_Time"": 1.855566649174228}",You have to generate api developer documentation.
"{""API_Endpoint"": ""https://api.twitter.com/v2/post/create"", ""API_Key"": ""key_9436"", ""Method"": ""GET""}","{""Endpoint"": ""https://api.twitter.com/v2/post/create/response"", ""Response_Code"": 500, ""Response_Time"": 0.5516048766564664}",You have to generate api developer documentation.
"{""API_Endpoint"": ""https://api.snapchat.com/v1/media/upload"", ""API_Key"": ""key_4947"", ""Method"": ""PUT""}","{""Endpoint"": ""https://api.snapchat.com/v1/media/upload/response"", ""Response_Code"": 500, ""Response_Time"": 0.9963533710318817}",You have to generate api developer documentation.
"{""API_Endpoint"": ""https://api.snapchat.com/v1/comment/reply"", ""API_Key"": ""key_3322"", ""Method"": ""PUT""}","{""Endpoint"": ""https://api.snapchat.com/v1/comment/reply/response"", ""Response_Code"": 500, ""Response_Time"": 1.7208353505248886}",You have to generate api developer documentation.
"{""API_Endpoint"": ""https://api.youtube.com/v4/media/upload"", ""API_Key"": ""key_5582"", ""Method"": ""POST""}","{""Endpoint"": ""https://api.youtube.com/v4/media/upload/response"", ""Response_Code"": 200, ""Response_Time"": 2.473682341706631}",You have to generate api developer documentation.
"{""API_Endpoint"": ""https://api.facebook.com/v1/snap/send"", ""API_Key"": ""key_1110"", ""Method"": ""POST""}","{""Endpoint"": ""https://api.facebook.com/v1/snap/send/response"", ""Response_Code"": 500, ""Response_Time"": 1.5052283989805735}",You have to generate api developer documentation.
"{""API_Endpoint"": ""https://api.snapchat.com/v1/comment/reply"", ""API_Key"": ""key_9269"", ""Method"": ""DELETE""}","{""Endpoint"": ""https://api.snapchat.com/v1/comment/reply/response"", ""Response_Code"": 200, ""Response_Time"": 0.8285705681251341}",You have to generate api developer documentation.
"{""API_Endpoint"": ""https://api.twitter.com/v2/analytics/summary"", ""API_Key"": ""key_3362"", ""Method"": ""GET""}","{""Endpoint"": ""https://api.twitter.com/v2/analytics/summary/response"", ""Response_Code"": 201, ""Response_Time"": 0.5407053975137986}",You have to generate api developer documentation.
"{""API_Endpoint"": ""https://api.youtube.com/v4/post/create"", ""API_Key"": ""key_3082"", ""Method"": ""GET""}","{""Endpoint"": ""https://api.youtube.com/v4/post/create/response"", ""Response_Code"": 400, ""Response_Time"": 0.35578183062798563}",You have to generate api developer documentation.
"{""API_Endpoint"": ""https://api.linkedin.com/v2/analytics/summary"", ""API_Key"": ""key_6620"", ""Method"": ""PUT""}","{""Endpoint"": ""https://api.linkedin.com/v2/analytics/summary/response"", ""Response_Code"": 400, ""Response_Time"": 2.142443154991736}",You have to generate api developer documentation.
"{""API_Endpoint"": ""https://api.twitter.com/v2/user/details"", ""API_Key"": ""key_8495"", ""Method"": ""PUT""}","{""Endpoint"": ""https://api.twitter.com/v2/user/details/response"", ""Response_Code"": 200, ""Response_Time"": 2.0512135816030197}",You have to generate api developer documentation.
"{""API_Endpoint"": ""https://api.reddit.com/v3/snap/send"", ""API_Key"": ""key_7774"", ""Method"": ""POST""}","{""Endpoint"": ""https://api.reddit.com/v3/snap/send/response"", ""Response_Code"": 400, ""Response_Time"": 1.3055410651472577}",You have to generate api developer documentation.
"{""API_Endpoint"": ""https://api.reddit.com/v3/post/create"", ""API_Key"": ""key_2712"", ""Method"": ""PUT""}","{""Endpoint"": ""https://api.reddit.com/v3/post/create/response"", ""Response_Code"": 500, ""Response_Time"": 2.4911971716943664}",You have to generate api developer documentation.
"{""API_Endpoint"": ""https://api.snapchat.com/v1/media/upload"", ""API_Key"": ""key_4068"", ""Method"": ""POST""}","{""Endpoint"": ""https://api.snapchat.com/v1/media/upload/response"", ""Response_Code"": 400, ""Response_Time"": 1.97012783019412}",You have to generate api developer documentation.
"{""API_Endpoint"": ""https://api.facebook.com/v1/tweet/post"", ""API_Key"": ""key_6256"", ""Method"": ""PUT""}","{""Endpoint"": ""https://api.facebook.com/v1/tweet/post/response"", ""Response_Code"": 500, ""Response_Time"": 1.0296045263577063}",You have to generate api developer documentation.
"{""API_Endpoint"": ""https://api.reddit.com/v3/comment/reply"", ""API_Key"": ""key_4300"", ""Method"": ""DELETE""}","{""Endpoint"": ""https://api.reddit.com/v3/comment/reply/response"", ""Response_Code"": 201, ""Response_Time"": 1.427898536473888}",You have to generate api developer documentation.
"{""API_Endpoint"": ""https://graph.instagram.com/v12/video/upload"", ""API_Key"": ""key_2456"", ""Method"": ""GET""}","{""Endpoint"": ""https://graph.instagram.com/v12/video/upload/response"", ""Response_Code"": 404, ""Response_Time"": 1.7925038839198473}",You have to generate api developer documentation.
"{""API_Endpoint"": ""https://api.facebook.com/v1/media/upload"", ""API_Key"": ""key_8436"", ""Method"": ""PUT""}","{""Endpoint"": ""https://api.facebook.com/v1/media/upload/response"", ""Response_Code"": 400, ""Response_Time"": 0.8970639509654439}",You have to generate api developer documentation.
"{""API_Endpoint"": ""https://api.linkedin.com/v2/video/upload"", ""API_Key"": ""key_5838"", ""Method"": ""DELETE""}","{""Endpoint"": ""https://api.linkedin.com/v2/video/upload/response"", ""Response_Code"": 404, ""Response_Time"": 0.52177173651647}",You have to generate api developer documentation.
"{""API_Endpoint"": ""https://api.youtube.com/v4/tweet/post"", ""API_Key"": ""key_7347"", ""Method"": ""POST""}","{""Endpoint"": ""https://api.youtube.com/v4/tweet/post/response"", ""Response_Code"": 200, ""Response_Time"": 2.2726357861444626}",You have to generate api developer documentation.
"{""API_Endpoint"": ""https://api.reddit.com/v3/analytics/summary"", ""API_Key"": ""key_9899"", ""Method"": ""PUT""}","{""Endpoint"": ""https://api.reddit.com/v3/analytics/summary/response"", ""Response_Code"": 404, ""Response_Time"": 0.2797898799161607}",You have to generate api developer documentation.
"{""API_Endpoint"": ""https://api.tiktok.com/v1/video/upload"", ""API_Key"": ""key_6860"", ""Method"": ""GET""}","{""Endpoint"": ""https://api.tiktok.com/v1/video/upload/response"", ""Response_Code"": 200, ""Response_Time"": 1.603215178449177}",You have to generate api developer documentation.
"{""API_Endpoint"": ""https://api.youtube.com/v4/comment/reply"", ""API_Key"": ""key_6983"", ""Method"": ""PUT""}","{""Endpoint"": ""https://api.youtube.com/v4/comment/reply/response"", ""Response_Code"": 200, ""Response_Time"": 1.9213157654774096}",You have to generate api developer documentation.
"{""API_Endpoint"": ""https://api.tiktok.com/v1/snap/send"", ""API_Key"": ""key_6358"", ""Method"": ""GET""}","{""Endpoint"": ""https://api.tiktok.com/v1/snap/send/response"", ""Response_Code"": 201, ""Response_Time"": 1.7499783677932588}",You have to generate api developer documentation.
"{""API_Endpoint"": ""https://graph.instagram.com/v12/video/upload"", ""API_Key"": ""key_8016"", ""Method"": ""GET""}","{""Endpoint"": ""https://graph.instagram.com/v12/video/upload/response"", ""Response_Code"": 201, ""Response_Time"": 2.1084711704478045}",You have to generate api developer documentation.
"{""API_Endpoint"": ""https://graph.instagram.com/v12/video/upload"", ""API_Key"": ""key_5102"", ""Method"": ""POST""}","{""Endpoint"": ""https://graph.instagram.com/v12/video/upload/response"", ""Response_Code"": 201, ""Response_Time"": 2.066574798716142}",You have to generate api developer documentation.
"{""API_Endpoint"": ""https://api.facebook.com/v1/snap/send"", ""API_Key"": ""key_2581"", ""Method"": ""DELETE""}","{""Endpoint"": ""https://api.facebook.com/v1/snap/send/response"", ""Response_Code"": 200, ""Response_Time"": 0.37625912934264427}",You have to generate api developer documentation.
"{""API_Endpoint"": ""https://api.tiktok.com/v1/video/upload"", ""API_Key"": ""key_8797"", ""Method"": ""PUT""}","{""Endpoint"": ""https://api.tiktok.com/v1/video/upload/response"", ""Response_Code"": 200, ""Response_Time"": 0.6608290839189116}",You have to generate api developer documentation.
"{""API_Endpoint"": ""https://api.twitter.com/v2/video/upload"", ""API_Key"": ""key_2234"", ""Method"": ""PUT""}","{""Endpoint"": ""https://api.twitter.com/v2/video/upload/response"", ""Response_Code"": 400, ""Response_Time"": 2.480043768129806}",You have to generate api developer documentation.
"{""API_Endpoint"": ""https://api.twitter.com/v2/snap/send"", ""API_Key"": ""key_4600"", ""Method"": ""PUT""}","{""Endpoint"": ""https://api.twitter.com/v2/snap/send/response"", ""Response_Code"": 201, ""Response_Time"": 1.5522194281335608}",You have to generate api developer documentation.
"{""API_Endpoint"": ""https://graph.instagram.com/v12/tweet/post"", ""API_Key"": ""key_5652"", ""Method"": ""PUT""}","{""Endpoint"": ""https://graph.instagram.com/v12/tweet/post/response"", ""Response_Code"": 500, ""Response_Time"": 1.0489899187443132}",You have to generate api developer documentation.
"{""API_Endpoint"": ""https://graph.instagram.com/v12/post/create"", ""API_Key"": ""key_4804"", ""Method"": ""DELETE""}","{""Endpoint"": ""https://graph.instagram.com/v12/post/create/response"", ""Response_Code"": 404, ""Response_Time"": 0.25831214162063665}",You have to generate api developer documentation.
"{""API_Endpoint"": ""https://api.youtube.com/v4/post/create"", ""API_Key"": ""key_5388"", ""Method"": ""POST""}","{""Endpoint"": ""https://api.youtube.com/v4/post/create/response"", ""Response_Code"": 500, ""Response_Time"": 0.7777280944214651}",You have to generate api developer documentation.
"{""API_Endpoint"": ""https://api.snapchat.com/v1/post/create"", ""API_Key"": ""key_1065"", ""Method"": ""GET""}","{""Endpoint"": ""https://api.snapchat.com/v1/post/create/response"", ""Response_Code"": 404, ""Response_Time"": 0.7029324241219024}",You have to generate api developer documentation.
"{""API_Endpoint"": ""https://api.facebook.com/v1/media/upload"", ""API_Key"": ""key_3476"", ""Method"": ""POST""}","{""Endpoint"": ""https://api.facebook.com/v1/media/upload/response"", ""Response_Code"": 201, ""Response_Time"": 1.4638041289828805}",You have to generate api developer documentation.
"{""API_Endpoint"": ""https://api.youtube.com/v4/user/details"", ""API_Key"": ""key_4675"", ""Method"": ""DELETE""}","{""Endpoint"": ""https://api.youtube.com/v4/user/details/response"", ""Response_Code"": 200, ""Response_Time"": 1.017101113045166}",You have to generate api developer documentation.
"{""API_Endpoint"": ""https://api.youtube.com/v4/media/upload"", ""API_Key"": ""key_8708"", ""Method"": ""DELETE""}","{""Endpoint"": ""https://api.youtube.com/v4/media/upload/response"", ""Response_Code"": 400, ""Response_Time"": 0.7726338873466426}",You have to generate api developer documentation.
"{""API_Endpoint"": ""https://api.linkedin.com/v2/video/upload"", ""API_Key"": ""key_2207"", ""Method"": ""GET""}","{""Endpoint"": ""https://api.linkedin.com/v2/video/upload/response"", ""Response_Code"": 400, ""Response_Time"": 0.8818043729788262}",You have to generate api developer documentation.
"{""API_Endpoint"": ""https://api.reddit.com/v3/comment/reply"", ""API_Key"": ""key_2218"", ""Method"": ""PUT""}","{""Endpoint"": ""https://api.reddit.com/v3/comment/reply/response"", ""Response_Code"": 400, ""Response_Time"": 2.2036511196907336}",You have to generate api developer documentation.
"{""API_Endpoint"": ""https://api.facebook.com/v1/user/details"", ""API_Key"": ""key_7293"", ""Method"": ""GET""}","{""Endpoint"": ""https://api.facebook.com/v1/user/details/response"", ""Response_Code"": 404, ""Response_Time"": 1.7922092470932438}",You have to generate api developer documentation.
"{""API_Endpoint"": ""https://api.facebook.com/v1/analytics/summary"", ""API_Key"": ""key_7295"", ""Method"": ""POST""}","{""Endpoint"": ""https://api.facebook.com/v1/analytics/summary/response"", ""Response_Code"": 400, ""Response_Time"": 2.1491514092219735}",You have to generate api developer documentation.
"{""API_Endpoint"": ""https://api.snapchat.com/v1/tweet/post"", ""API_Key"": ""key_6109"", ""Method"": ""DELETE""}","{""Endpoint"": ""https://api.snapchat.com/v1/tweet/post/response"", ""Response_Code"": 400, ""Response_Time"": 2.1291633845357594}",You have to generate api developer documentation.
"{""API_Endpoint"": ""https://api.snapchat.com/v1/analytics/summary"", ""API_Key"": ""key_1907"", ""Method"": ""GET""}","{""Endpoint"": ""https://api.snapchat.com/v1/analytics/summary/response"", ""Response_Code"": 200, ""Response_Time"": 1.4142352181973938}",You have to generate api developer documentation.
"{""API_Endpoint"": ""https://api.reddit.com/v3/user/details"", ""API_Key"": ""key_6317"", ""Method"": ""POST""}","{""Endpoint"": ""https://api.reddit.com/v3/user/details/response"", ""Response_Code"": 200, ""Response_Time"": 0.9716006288052097}",You have to generate api developer documentation.
"{""API_Endpoint"": ""https://graph.instagram.com/v12/analytics/summary"", ""API_Key"": ""key_7392"", ""Method"": ""PUT""}","{""Endpoint"": ""https://graph.instagram.com/v12/analytics/summary/response"", ""Response_Code"": 201, ""Response_Time"": 2.3799026440589413}",You have to generate api developer documentation.
"{""API_Endpoint"": ""https://api.reddit.com/v3/post/create"", ""API_Key"": ""key_8564"", ""Method"": ""GET""}","{""Endpoint"": ""https://api.reddit.com/v3/post/create/response"", ""Response_Code"": 400, ""Response_Time"": 2.2437912775535342}",You have to generate api developer documentation.
"{""API_Endpoint"": ""https://graph.instagram.com/v12/video/upload"", ""API_Key"": ""key_1743"", ""Method"": ""GET""}","{""Endpoint"": ""https://graph.instagram.com/v12/video/upload/response"", ""Response_Code"": 500, ""Response_Time"": 2.057252219034704}",You have to generate api developer documentation.
"{""API_Endpoint"": ""https://api.youtube.com/v4/tweet/post"", ""API_Key"": ""key_5515"", ""Method"": ""GET""}","{""Endpoint"": ""https://api.youtube.com/v4/tweet/post/response"", ""Response_Code"": 201, ""Response_Time"": 2.047048411320109}",You have to generate api developer documentation.
"{""API_Endpoint"": ""https://api.facebook.com/v1/comment/reply"", ""API_Key"": ""key_9082"", ""Method"": ""DELETE""}","{""Endpoint"": ""https://api.facebook.com/v1/comment/reply/response"", ""Response_Code"": 400, ""Response_Time"": 1.2984063695360024}",You have to generate api developer documentation.
"{""API_Endpoint"": ""https://api.facebook.com/v1/snap/send"", ""API_Key"": ""key_9021"", ""Method"": ""POST""}","{""Endpoint"": ""https://api.facebook.com/v1/snap/send/response"", ""Response_Code"": 500, ""Response_Time"": 1.6612503212242395}",You have to generate api developer documentation.
"{""API_Endpoint"": ""https://api.twitter.com/v2/video/upload"", ""API_Key"": ""key_6135"", ""Method"": ""PUT""}","{""Endpoint"": ""https://api.twitter.com/v2/video/upload/response"", ""Response_Code"": 201, ""Response_Time"": 2.1564179894885536}",You have to generate api developer documentation.
"{""API_Endpoint"": ""https://api.snapchat.com/v1/video/upload"", ""API_Key"": ""key_9170"", ""Method"": ""DELETE""}","{""Endpoint"": ""https://api.snapchat.com/v1/video/upload/response"", ""Response_Code"": 404, ""Response_Time"": 0.2244438868773857}",You have to generate api developer documentation.
"{""API_Endpoint"": ""https://api.facebook.com/v1/tweet/post"", ""API_Key"": ""key_4861"", ""Method"": ""DELETE""}","{""Endpoint"": ""https://api.facebook.com/v1/tweet/post/response"", ""Response_Code"": 200, ""Response_Time"": 1.6632933850174807}",You have to generate api developer documentation.
"{""API_Endpoint"": ""https://api.facebook.com/v1/user/details"", ""API_Key"": ""key_5717"", ""Method"": ""GET""}","{""Endpoint"": ""https://api.facebook.com/v1/user/details/response"", ""Response_Code"": 201, ""Response_Time"": 0.7130054048686474}",You have to generate api developer documentation.
"{""API_Endpoint"": ""https://graph.instagram.com/v12/comment/reply"", ""API_Key"": ""key_7653"", ""Method"": ""GET""}","{""Endpoint"": ""https://graph.instagram.com/v12/comment/reply/response"", ""Response_Code"": 404, ""Response_Time"": 0.47680548035216064}",You have to generate api developer documentation.
"{""API_Endpoint"": ""https://api.linkedin.com/v2/analytics/summary"", ""API_Key"": ""key_7434"", ""Method"": ""PUT""}","{""Endpoint"": ""https://api.linkedin.com/v2/analytics/summary/response"", ""Response_Code"": 404, ""Response_Time"": 0.5119481042247036}",You have to generate api developer documentation.
"{""API_Endpoint"": ""https://api.snapchat.com/v1/snap/send"", ""API_Key"": ""key_7581"", ""Method"": ""PUT""}","{""Endpoint"": ""https://api.snapchat.com/v1/snap/send/response"", ""Response_Code"": 404, ""Response_Time"": 2.2335934444704644}",You have to generate api developer documentation.
"{""API_Endpoint"": ""https://api.youtube.com/v4/snap/send"", ""API_Key"": ""key_1534"", ""Method"": ""PUT""}","{""Endpoint"": ""https://api.youtube.com/v4/snap/send/response"", ""Response_Code"": 400, ""Response_Time"": 1.7231855227275974}",You have to generate api developer documentation.
"{""API_Endpoint"": ""https://graph.instagram.com/v12/snap/send"", ""API_Key"": ""key_1608"", ""Method"": ""GET""}","{""Endpoint"": ""https://graph.instagram.com/v12/snap/send/response"", ""Response_Code"": 400, ""Response_Time"": 0.9199300411494905}",You have to generate api developer documentation.
"{""API_Endpoint"": ""https://graph.instagram.com/v12/tweet/post"", ""API_Key"": ""key_6857"", ""Method"": ""DELETE""}","{""Endpoint"": ""https://graph.instagram.com/v12/tweet/post/response"", ""Response_Code"": 404, ""Response_Time"": 0.7914046760725223}",You have to generate api developer documentation.
"{""API_Endpoint"": ""https://api.linkedin.com/v2/analytics/summary"", ""API_Key"": ""key_8086"", ""Method"": ""PUT""}","{""Endpoint"": ""https://api.linkedin.com/v2/analytics/summary/response"", ""Response_Code"": 404, ""Response_Time"": 1.4645188946366987}",You have to generate api developer documentation.
"{""API_Endpoint"": ""https://api.tiktok.com/v1/comment/reply"", ""API_Key"": ""key_4878"", ""Method"": ""DELETE""}","{""Endpoint"": ""https://api.tiktok.com/v1/comment/reply/response"", ""Response_Code"": 400, ""Response_Time"": 1.698158539665433}",You have to generate api developer documentation.
"{""API_Endpoint"": ""https://api.youtube.com/v4/post/create"", ""API_Key"": ""key_8383"", ""Method"": ""POST""}","{""Endpoint"": ""https://api.youtube.com/v4/post/create/response"", ""Response_Code"": 400, ""Response_Time"": 0.6703821569797385}",You have to generate api developer documentation.
"{""API_Endpoint"": ""https://api.reddit.com/v3/snap/send"", ""API_Key"": ""key_1320"", ""Method"": ""DELETE""}","{""Endpoint"": ""https://api.reddit.com/v3/snap/send/response"", ""Response_Code"": 404, ""Response_Time"": 2.381047727505715}",You have to generate api developer documentation.
"{""API_Endpoint"": ""https://api.youtube.com/v4/comment/reply"", ""API_Key"": ""key_8465"", ""Method"": ""PUT""}","{""Endpoint"": ""https://api.youtube.com/v4/comment/reply/response"", ""Response_Code"": 500, ""Response_Time"": 0.7325787015061263}",You have to generate api developer documentation.
"{""API_Endpoint"": ""https://api.linkedin.com/v2/media/upload"", ""API_Key"": ""key_3194"", ""Method"": ""PUT""}","{""Endpoint"": ""https://api.linkedin.com/v2/media/upload/response"", ""Response_Code"": 200, ""Response_Time"": 1.816734105633969}",You have to generate api developer documentation.
"{""API_Endpoint"": ""https://api.linkedin.com/v2/tweet/post"", ""API_Key"": ""key_1561"", ""Method"": ""DELETE""}","{""Endpoint"": ""https://api.linkedin.com/v2/tweet/post/response"", ""Response_Code"": 400, ""Response_Time"": 1.584056321266029}",You have to generate api developer documentation.
"{""API_Endpoint"": ""https://api.snapchat.com/v1/snap/send"", ""API_Key"": ""key_9986"", ""Method"": ""GET""}","{""Endpoint"": ""https://api.snapchat.com/v1/snap/send/response"", ""Response_Code"": 404, ""Response_Time"": 2.4594418340352058}",You have to generate api developer documentation.
"{""API_Endpoint"": ""https://api.youtube.com/v4/comment/reply"", ""API_Key"": ""key_3614"", ""Method"": ""PUT""}","{""Endpoint"": ""https://api.youtube.com/v4/comment/reply/response"", ""Response_Code"": 201, ""Response_Time"": 1.348846821404074}",You have to generate api developer documentation.
"{""API_Endpoint"": ""https://api.reddit.com/v3/snap/send"", ""API_Key"": ""key_8878"", ""Method"": ""POST""}","{""Endpoint"": ""https://api.reddit.com/v3/snap/send/response"", ""Response_Code"": 201, ""Response_Time"": 1.130333789385417}",You have to generate api developer documentation.
"{""API_Endpoint"": ""https://api.linkedin.com/v2/comment/reply"", ""API_Key"": ""key_3656"", ""Method"": ""POST""}","{""Endpoint"": ""https://api.linkedin.com/v2/comment/reply/response"", ""Response_Code"": 200, ""Response_Time"": 2.09076589675149}",You have to generate api developer documentation.
"{""API_Endpoint"": ""https://api.facebook.com/v1/analytics/summary"", ""API_Key"": ""key_6140"", ""Method"": ""PUT""}","{""Endpoint"": ""https://api.facebook.com/v1/analytics/summary/response"", ""Response_Code"": 404, ""Response_Time"": 0.5513594162378495}",You have to generate api developer documentation.
"{""API_Endpoint"": ""https://api.reddit.com/v3/post/create"", ""API_Key"": ""key_5300"", ""Method"": ""PUT""}","{""Endpoint"": ""https://api.reddit.com/v3/post/create/response"", ""Response_Code"": 404, ""Response_Time"": 1.1047857816011486}",You have to generate api developer documentation.
"{""API_Endpoint"": ""https://api.reddit.com/v3/tweet/post"", ""API_Key"": ""key_3169"", ""Method"": ""PUT""}","{""Endpoint"": ""https://api.reddit.com/v3/tweet/post/response"", ""Response_Code"": 500, ""Response_Time"": 0.5417181522723455}",You have to generate api developer documentation.
"{""API_Endpoint"": ""https://api.linkedin.com/v2/comment/reply"", ""API_Key"": ""key_4355"", ""Method"": ""PUT""}","{""Endpoint"": ""https://api.linkedin.com/v2/comment/reply/response"", ""Response_Code"": 500, ""Response_Time"": 0.47120913481272697}",You have to generate api developer documentation.
"{""API_Endpoint"": ""https://api.tiktok.com/v1/comment/reply"", ""API_Key"": ""key_6059"", ""Method"": ""POST""}","{""Endpoint"": ""https://api.tiktok.com/v1/comment/reply/response"", ""Response_Code"": 400, ""Response_Time"": 1.8507208523948313}",You have to generate api developer documentation.
"{""API_Endpoint"": ""https://api.facebook.com/v1/analytics/summary"", ""API_Key"": ""key_2611"", ""Method"": ""PUT""}","{""Endpoint"": ""https://api.facebook.com/v1/analytics/summary/response"", ""Response_Code"": 201, ""Response_Time"": 0.1509425736231254}",You have to generate api developer documentation.
"{""API_Endpoint"": ""https://api.reddit.com/v3/analytics/summary"", ""API_Key"": ""key_3572"", ""Method"": ""GET""}","{""Endpoint"": ""https://api.reddit.com/v3/analytics/summary/response"", ""Response_Code"": 500, ""Response_Time"": 2.3659240485823414}",You have to generate api developer documentation.
"{""API_Endpoint"": ""https://api.twitter.com/v2/user/details"", ""API_Key"": ""key_5768"", ""Method"": ""DELETE""}","{""Endpoint"": ""https://api.twitter.com/v2/user/details/response"", ""Response_Code"": 201, ""Response_Time"": 2.1057276170953965}",You have to generate api developer documentation.
"{""API_Endpoint"": ""https://api.tiktok.com/v1/tweet/post"", ""API_Key"": ""key_9496"", ""Method"": ""GET""}","{""Endpoint"": ""https://api.tiktok.com/v1/tweet/post/response"", ""Response_Code"": 500, ""Response_Time"": 0.9327192591649642}",You have to generate api developer documentation.
"{""API_Endpoint"": ""https://api.twitter.com/v2/post/create"", ""API_Key"": ""key_2069"", ""Method"": ""GET""}","{""Endpoint"": ""https://api.twitter.com/v2/post/create/response"", ""Response_Code"": 500, ""Response_Time"": 0.3275895207950194}",You have to generate api developer documentation.
"{""API_Endpoint"": ""https://api.linkedin.com/v2/analytics/summary"", ""API_Key"": ""key_4047"", ""Method"": ""PUT""}","{""Endpoint"": ""https://api.linkedin.com/v2/analytics/summary/response"", ""Response_Code"": 400, ""Response_Time"": 0.1849228922337562}",You have to generate api developer documentation.
"{""API_Endpoint"": ""https://graph.instagram.com/v12/tweet/post"", ""API_Key"": ""key_9839"", ""Method"": ""DELETE""}","{""Endpoint"": ""https://graph.instagram.com/v12/tweet/post/response"", ""Response_Code"": 404, ""Response_Time"": 0.9493128140670107}",You have to generate api developer documentation.
"{""API_Endpoint"": ""https://api.linkedin.com/v2/media/upload"", ""API_Key"": ""key_8587"", ""Method"": ""GET""}","{""Endpoint"": ""https://api.linkedin.com/v2/media/upload/response"", ""Response_Code"": 400, ""Response_Time"": 0.5193113319380703}",You have to generate api developer documentation.
"{""API_Endpoint"": ""https://graph.instagram.com/v12/snap/send"", ""API_Key"": ""key_1970"", ""Method"": ""GET""}","{""Endpoint"": ""https://graph.instagram.com/v12/snap/send/response"", ""Response_Code"": 201, ""Response_Time"": 0.852820907658976}",You have to generate api developer documentation.
"{""API_Endpoint"": ""https://api.tiktok.com/v1/post/create"", ""API_Key"": ""key_8159"", ""Method"": ""PUT""}","{""Endpoint"": ""https://api.tiktok.com/v1/post/create/response"", ""Response_Code"": 200, ""Response_Time"": 0.32801843035840256}",You have to generate api developer documentation.
"{""API_Endpoint"": ""https://api.tiktok.com/v1/comment/reply"", ""API_Key"": ""key_4665"", ""Method"": ""DELETE""}","{""Endpoint"": ""https://api.tiktok.com/v1/comment/reply/response"", ""Response_Code"": 500, ""Response_Time"": 2.4012679550528993}",You have to generate api developer documentation.
"{""API_Endpoint"": ""https://api.snapchat.com/v1/tweet/post"", ""API_Key"": ""key_5695"", ""Method"": ""PUT""}","{""Endpoint"": ""https://api.snapchat.com/v1/tweet/post/response"", ""Response_Code"": 200, ""Response_Time"": 1.8758989156749515}",You have to generate api developer documentation.
"{""API_Endpoint"": ""https://api.facebook.com/v1/comment/reply"", ""API_Key"": ""key_5085"", ""Method"": ""PUT""}","{""Endpoint"": ""https://api.facebook.com/v1/comment/reply/response"", ""Response_Code"": 404, ""Response_Time"": 1.6259012047150494}",You have to generate api developer documentation.
"{""API_Endpoint"": ""https://api.tiktok.com/v1/snap/send"", ""API_Key"": ""key_6271"", ""Method"": ""POST""}","{""Endpoint"": ""https://api.tiktok.com/v1/snap/send/response"", ""Response_Code"": 404, ""Response_Time"": 2.3624633895636618}",You have to generate api developer documentation.
"{""API_Endpoint"": ""https://api.linkedin.com/v2/tweet/post"", ""API_Key"": ""key_3183"", ""Method"": ""PUT""}","{""Endpoint"": ""https://api.linkedin.com/v2/tweet/post/response"", ""Response_Code"": 500, ""Response_Time"": 0.2294665000614134}",You have to generate api developer documentation.
"{""API_Endpoint"": ""https://api.tiktok.com/v1/video/upload"", ""API_Key"": ""key_1753"", ""Method"": ""PUT""}","{""Endpoint"": ""https://api.tiktok.com/v1/video/upload/response"", ""Response_Code"": 400, ""Response_Time"": 1.7987012517974004}",You have to generate api developer documentation.
"{""API_Endpoint"": ""https://api.reddit.com/v3/media/upload"", ""API_Key"": ""key_5102"", ""Method"": ""GET""}","{""Endpoint"": ""https://api.reddit.com/v3/media/upload/response"", ""Response_Code"": 201, ""Response_Time"": 1.4151980459836448}",You have to generate api developer documentation.
"{""API_Endpoint"": ""https://api.linkedin.com/v2/user/details"", ""API_Key"": ""key_8195"", ""Method"": ""PUT""}","{""Endpoint"": ""https://api.linkedin.com/v2/user/details/response"", ""Response_Code"": 400, ""Response_Time"": 1.8060754059710475}",You have to generate api developer documentation.
